INSERT INTO Employees (Id, Name, BirthDate, PhoneNumber, MaritalStatus, MarriedWith)
VALUES
    (5, 'Сергей Волков',      '1978-01-05', '+7-956-123-45-67', 'Женат',      6),
    (6, 'Наталья Иванова',    '1982-02-12', '+7-967-234-56-78', 'Замужем',    5),
    (7, 'Дмитрий Орлов',      '1993-07-07', '+7-978-345-67-89', 'Холост',     NULL),
    (8, 'Елена Петрова',      '1990-12-22', '+7-989-456-78-90', 'Женат',      9),
    (9, 'Павел Смирнов',      '1985-04-04', '+7-990-567-89-01', 'Замужем',    8),
    (10, 'Анна Федорова',     '1992-06-15', '+7-991-678-90-12', 'Холост',     NULL);

INSERT INTO BirdsWinterPlaces (Id, CountryName, Departure, Arrival)
VALUES
    (3, 'Турция',    '2023-09-10', '2024-03-18'),
    (4, 'Казахстан', '2023-10-05', '2024-04-10'),
    (5, 'Китай',     '2023-11-01', '2024-04-15'),
    (6, 'Армения',   '2023-12-01', '2024-05-01'),
    (7, 'Ливан',     '2024-01-10', '2024-05-20');

INSERT INTO DietTypes (Id, Type)
VALUES
    (5, 'Питомец'),
    (6, 'Питомец повышенной энергии'),
    (7, 'Питомец с низким содержанием жира');

INSERT INTO Diets (Id, Name, TypeId, Description)
VALUES
    (5,  'Кокосовое молоко', 5, 'Кокосовое молоко с миндалем для домашних животных'),
    (6,  'Сухой корм',        4, 'Стандартный сухой корм с витаминами'),
    (7,  'Салат из овощей',   2, 'Салат из свежих овощей для чувствительных желудков'),
    (8,  'Блюдо из рыбы',     3, 'Блюдо из нежирной рыбы с морковью'),
    (9,  'Печеное мясо',      1, 'Печеное мясо с травами для молодняка'),
    (10, 'Овощной суп',       2, 'Суп из овощей без соли'),
    (11, 'Готовый корм',      4, 'Готовый корм для взрослых животных'),
    (12, 'Корма для аквариума',4,'Корм для рыб и амфибий');

INSERT INTO HabitatZones (Id, Name, Description)
VALUES
    (4, 'Горы', 'Высокая высота, низкая температура, каменистая почва.'),
    (5, 'Ледяные равнины', 'Крайне холодный климат, низкая влажность, снежные поля.'),
    (6, 'Коралловый риф', 'Морская среда с богатой флорой и фауной.');

INSERT INTO ReptilesInfo (Id, NormalTemperature, SleepStart, SleepEnd)
VALUES
    (3, 27.75, '2024-01-01', '2024-05-01'),
    (4, 29.20, NULL,          NULL),
    (5, 26.50, '2023-11-15', '2024-04-15');

INSERT INTO Animals (Id, Name, TypeId, BirthDate, Sex, WinterPlaceId,
                     ReptileInfoId, DietId, HabitatZoneId, Vet, CaretakerId)
VALUES
    (5,  'Пеликан',          1, '2017-04-12', 'Самец',   3, NULL, 6, 2, 2, 3),
    (6,  'Геккон',           2, '2019-02-20', 'Самка',   NULL, 3, 8, 3, 1, 5),
    (7,  'Крокодил',         2, '2015-08-08', 'Самец',   NULL, 4, 3, 3, 4, 6),
    (8,  'Кенгуру',          3, '2018-07-17', 'Самка',   NULL,  NULL, 7, 1, 2, 4),
    (9,  'Лев',              3, '2016-03-03', 'Самец',   NULL,  NULL, 3, 2, 4, 7),
    (10, 'Панда',            3, '2014-12-12', 'Самка',   NULL,  NULL, 4, 1, 1, 8),
    (11, 'Бат',              1, '2019-09-09', 'Самец',   4, NULL, 5, 1, 3, 9),
    (12, 'Тюлень',           1, '2013-05-05', 'Самка',   5, NULL, 9, 3, 2, 10),
    (13, 'Черепаха',         2, '2005-07-07', 'Самка',   NULL, 5, 2, 3, 1, 5),
    (14, 'Дельфин',          1, '2017-02-02', 'Самец',   6, NULL, 11, 6, 4, 4),
    (15, 'Енот',             3, '2018-08-08', 'Самец',   NULL,  NULL, 10, 2, 3, 6),
    (16, 'Гиена',            3, '2015-10-10', 'Самец',   NULL,  NULL, 3, 2, 2, 7),
    (17, 'Слон',             3, '2010-11-11', 'Самец',   NULL,  NULL, 7, 1, 1, 8),
    (18, 'Жираф',            3, '2012-12-12', 'Самка',   NULL,  NULL, 7, 2, 4, 9),
    (19, 'Пингвин',          1, '2016-06-06', 'Самец',   7, NULL, 12, 5, 3, 10),
    (20, 'Скорпион',         2, '2020-01-01', 'Самец',   NULL, 2, 8, 3, 1, 5),
    (21, 'Летучая мышь',     1, '2019-10-10', 'Самец',   2, NULL, 5, 1, 2, 3),
    (22, 'Бобр',             3, '2017-07-07', 'Самец',   NULL,  NULL, 6, 1, 3, 4),
    (23, 'Кабан',            3, '2018-09-09', 'Самец',   NULL,  NULL, 10, 2, 4, 5),
    (24, 'Ящерица',          2, '2021-03-03', 'Самка',   NULL, 3, 9, 3, 2, 6);
